,Store,Year,Dry_Grocery,Dairy,Frozen_Food,Meat,Produce,Floral,Deli,Bakery,General_Merchandise,Total_Sales,Segment,State,Zip,Type,Address_City,Location,latitude,longitude,altitude
0,S0001,2015,0.46134725619100525,0.10308371113511718,0.07719924550832115,0.10767740754442728,0.09717103937755388,0.006769432845628125,0.04354992809286249,0.03554387620771675,0.06765810309736807,23508945.819999997,2,CA,92027,Existing,"1000 W El Norte Pkwy, Escondido","Vons, 1000, West El Norte Parkway, Escondido, San Diego County, California, 92027, United States",33.148780849999994,-117.10638909533706,0.0
1,S0002,2015,0.457527949083223,0.10638761482782284,0.07884092953301541,0.11490345386333736,0.10125939844897328,0.0074380588209239824,0.039792417550009146,0.029701527508053643,0.06414865036464137,17334619.57,2,CA,92040,Existing,"12419 Woodside Ave, Lakeside","Vons 2366, 12419, Woodside Avenue, Riverview, Lakeside, San Diego County, California, 92040, United States",32.8560043,-116.92431909997273,0.0
2,S0003,2015,0.42134909097603385,0.1023562771550293,0.06902749518811045,0.11471273747734514,0.12539881009397175,0.009631392662512278,0.041760801083574425,0.03610802039853096,0.07965537496489176,30240661.990000002,1,CA,90026,Existing,"1342 N Alvarado St, Los Angeles","1342, North Alvarado Street, Echo Park, Los Angeles, California, 90026, United States",34.07966485714286,-118.26209714285714,0.0
3,S0004,2015,0.4545598427548777,0.09711101841421285,0.0802771438209139,0.12772765516035833,0.10040921500382288,0.006119628402345945,0.04178524488949095,0.034468710257343244,0.057541541296634226,27913890.97,2,CA,92078,Existing,"671 S Rancho Santa Fe Rd, San Marcos","671, South Rancho Santa Fe Road, Palomar West Mobile Home Park, San Marcos, San Diego County, California, 92078, United States",33.13230395,-117.2053210040022,0.0
4,S0005,2015,0.4401687513264201,0.10626808871187157,0.0863385221704154,0.10186326152142094,0.1311120514800841,0.008877250431158506,0.035389214344651365,0.022606860969560272,0.06737599904441785,27825886.169999998,1,CA,90019,Existing,"1430 S Fairfax Ave, Los Angeles","Vons 2268, 1430, South Fairfax Avenue, Mid-City, Los Angeles, Los Angeles County, California, 90019, United States",34.0504672,-118.3662441022168,0.0
5,S0006,2015,0.4598351540557029,0.09860922045739744,0.07444313499257114,0.10691591313500763,0.10178202896743592,0.008265039176692036,0.04630886989129037,0.03541688993771933,0.06842374938618329,34625420.87,2,CA,92071,Existing,"9643 Mission Gorge Rd, Santee","Vons, 9643, Mission Gorge Road, Santee, San Diego County, California, 92071, United States",32.83720975,-116.98698539845385,0.0
6,S0007,2015,0.44208679782917026,0.10213495780050011,0.08916985207465948,0.11513459312441028,0.10344684308253024,0.007838333785927394,0.04629765893631203,0.03017637220299203,0.06371459116349822,30863087.31,2,CA,93010,Existing,"820 Arneill Rd, Camarillo","Vons, 820, Arneill Road, Camarillo, Ventura County, California, 93010, United States",34.2248698,-119.03708267202532,0.0
7,S0008,2015,0.42845685434060715,0.10873213326243514,0.08032146381500906,0.10687772907646381,0.12369635501380177,0.007858795999693066,0.03262265753622492,0.02239774151464815,0.08903626944111695,29181879.77,1,CA,90020,Existing,"3461 W 3rd St, Los Angeles","West 3rd Street, Bunker Hill, Downtown, Los Angeles, California, 90071, United States",34.0517476,-118.2492268,0.0
8,S0009,2015,0.44225226895361236,0.1003761186806092,0.07705136300381078,0.11890801219752577,0.10350748938662813,0.0072882560357416405,0.044203936522349566,0.025756341095532105,0.08065621412419038,40678620.31,2,CA,93536,Existing,"4033 W Avenue L, Lancaster","Vons 2029, 4033, West Avenue L, Lancaster, Los Angeles County, California, 93536, United States",34.66169395,-118.18239620544162,0.0
9,S0010,2015,0.4314453516536987,0.11496155056377877,0.08034174230392724,0.10714830085790018,0.1216288358220014,0.010383022315317177,0.03709895027057433,0.038051366804839934,0.058940879407962214,21703928.12,1,CA,93108,Existing,"1040 Coast Village Rd, Montecito","Montecito Country Mart, 1014, Coast Village Road, Santa Barbara, Santa Barbara County, California, 93108, United States",34.422564449999996,-119.65166187517394,0.0
10,S0011,2015,0.4537933809199707,0.09398428355913858,0.07188150744268615,0.12144254940253947,0.09846672430654935,0.007896395661083045,0.04871678336237514,0.032440844706326806,0.07137753063933068,22395673.62,2,CA,91752,Existing,"3251 De Forest Cir Ste A, Mira Loma",,,,
11,S0012,2015,0.4659987686351062,0.0972651219234045,0.07435735825240371,0.11439061785477496,0.09431474349332847,0.006825037139992122,0.04506609245284006,0.018591681158939017,0.08319057908921111,49186541.129999995,0,CA,93436,Existing,"1124 W Ocean Ave, Lompoc","Dollar General, 1124, West Ocean Avenue, Lompoc Village, Lompoc, Santa Barbara County, California, 93436, United States",34.6379865,-120.47179365456965,0.0
12,S0013,2015,0.4455491982165768,0.09072232031595909,0.07535239695284472,0.11404829650988593,0.09266137003250871,0.00791171794016964,0.046276595765458166,0.03428059929676683,0.09319750496983016,39169150.41,0,CA,92506,Existing,"3520 Riverside Plaza Dr, Riverside","Vons, 3520, Riverside Plaza, Riverside, Riverside County, California, 92506, United States",33.954690400000004,-117.38951854964793,0.0
13,S0014,2015,0.4443732748377763,0.09776808037210676,0.07718514054409943,0.09869682584508034,0.10684908170965128,0.010659684666936,0.03492663855549726,0.020548902740350598,0.1089923707285019,30987962.620000005,0,CA,92620,Existing,"3901 Portola Pkwy, Irvine","Pavilions 2822, 3901, Portola Parkway, Orchard Hills, Irvine, Orange County, California, 92620, United States",33.735006600000006,-117.76068036436737,0.0
14,S0015,2015,0.44796799889074407,0.09876554572046768,0.07786880362814882,0.09998999736510043,0.10497471380768177,0.007685474179413522,0.034977142912695124,0.025105510094482957,0.10266481340126574,37353757.66,0,CA,92131,Existing,"10675 Scripps Poway Pkwy, San Diego","10675, Scripps Poway Parkway, San Diego, San Diego County, California, 92131, United States",32.9370799633804,-117.09848835987133,0.0
15,S0016,2015,0.4772396197432076,0.0914353402378919,0.07806357741187711,0.11008716271195713,0.08846903429077456,0.006251666184262635,0.04605237092888693,0.028720040089039802,0.07368118840210232,23352796.79,2,CA,92020,Existing,"1201 Avocado Ave, El Cajon","Avocado Avenue, El Cajon, San Diego County, California, 92020, United States",32.784119,-116.957733,0.0
16,S0017,2015,0.4381169932735053,0.10013316068942514,0.07877731017106739,0.09769930458964751,0.13366286988164258,0.013389976348732763,0.04085695712174375,0.02823892099530481,0.06912450692893068,31540952.650000002,1,CA,92677,Existing,"30252 Crown Valley Pkwy, Laguna Niguel","Smart & Final - Extra!, 30252, Crown Valley Parkway, Laguna Niguel, Orange County, California, 92677, United States",33.5226931,-117.71438540530852,0.0
17,S0018,2015,0.4528482130752889,0.09882723891589945,0.07901662147073338,0.10606165251220338,0.10902168509239271,0.00931750366199868,0.04302374202622965,0.0349657931584203,0.06691755008683342,24278729.390000004,2,CA,90240,Existing,"10001 Paramount Blvd, Downey","Paramount Boulevard, Downey, California, 90723, United States",33.9295808,-118.1478412,0.0
18,S0019,2015,0.4827126130870872,0.09746628588518987,0.07788116026302677,0.11162444745343571,0.09479953885736081,0.005755300737081222,0.032457670667924286,0.01959281939765591,0.07771016365123838,19682144.369999997,0,CA,92345,Existing,"17390 Main St, Hesperia","Vons, 17390, Main Street, Hesperia, San Bernardino County, California, 92345, United States",34.420361150000005,-117.28329023636412,0.0
19,S0020,2015,0.45877830318251134,0.10714186879798318,0.0778717048351563,0.10846903079801462,0.10910394130421466,0.008394955291334025,0.03815257876502253,0.029436332722554397,0.06265128430320886,23970811.400000002,2,CA,93013,Existing,"850 Linden Ave, Carpinteria","Smart & Final, 850, Linden Avenue, Carpinteria, Santa Barbara County, California, 93013, United States",34.39723895,-119.51884214869266,0.0
20,S0021,2015,0.4328332346005132,0.12218983177961448,0.08645292744130066,0.08619789361651899,0.14800299628432662,0.008950739978453798,0.03657883478341958,0.02816566257617136,0.050627878939681265,21742449.28,1,CA,90403,Existing,"1311 Wilshire Blvd, Santa Monica","Vons 2002, 1311, Wilshire Boulevard, Santa Monica, Los Angeles County, California, 90403, United States",34.02656275,-118.48984071021007,0.0
21,S0022,2015,0.47050343146349843,0.09662836409031343,0.07594843737232274,0.10609859967613937,0.09215284343767631,0.008661283331720065,0.043142140303506965,0.034052737164970294,0.07281216315985267,28489431.709999993,2,CA,92064,Existing,"13438 Poway Rd, Poway","13438, Poway Road, Rayo Del Sol, Ipai Waaypuk, Poway, San Diego County, California, 92064, United States",32.957955350000006,-117.0395528324118,0.0
22,S0023,2015,0.4366467147093356,0.10865150793528365,0.08432242030499881,0.10959789212195957,0.10705071305476893,0.009483910712386277,0.03833570645067821,0.036188992949498726,0.06972214176109036,17688112.54,1,CA,92649,Existing,"5922 Edinger Ave, Huntington Beach","Vons 2090, 5922, Edinger Avenue, Huntington Beach, Orange County, California, 92649, United States",33.728573749999995,-118.0249530908626,0.0
23,S0024,2015,0.45511040875862396,0.10400528926427452,0.08214125767276292,0.1048358749805166,0.11049811128051464,0.005391508238634095,0.041130919778285514,0.022954685390535606,0.0739319446358521,24523501.43,2,CA,90603,Existing,"15740 La Forge St, Whittier","La Forge Street, East Whittier, Whittier, California, 90605, United States",33.9535757,-118.027443,0.0
24,S0025,2015,0.4620417389073531,0.10467268443724026,0.07962882908826155,0.10494411459771733,0.11170564267995903,0.005304030594583132,0.04228257772746559,0.030706471402929588,0.058713910564490435,31318921.91,2,CA,92865,Existing,"2684 N Tustin St, Orange","Vons, 2684, North Tustin Street, Orange, Orange County, California, 92865, United States",33.8333449,-117.8375215340671,0.0
25,S0026,2015,0.4576691236563833,0.10538848973061903,0.07842366540799411,0.09988349303223375,0.11366481264009518,0.008333773029467422,0.037657889662654855,0.030563965245641565,0.06841478759491071,21220147.150000002,1,CA,91020,Existing,"2039 Verdugo Blvd, Montrose","Montrose Heathcare Center, 2123, Verdugo Boulevard, Glendale, California, 91020, United States",34.2052742,-118.22384949779095,0.0
26,S0027,2015,0.4466847306841612,0.10403011679242691,0.07764256471941336,0.09939018748029688,0.13224450173456703,0.01625443459957255,0.029722833208242868,0.023370460815232037,0.07066016996608723,26550184.65,1,CA,90265,Existing,"29211 Heathercliff Rd, Malibu","Pavilions, 29211, Heathercliff Road, Malibu, California, 90265, United States",34.02085755,-118.8103520922804,0.0
27,S0028,2015,0.45298059940100005,0.10323747230879572,0.07896146086851163,0.11914371309465793,0.11652894939572064,0.0035318278110410117,0.037298052756270635,0.030145778856899293,0.05817214550710296,17311101.580000002,2,CA,91321,Existing,"24160 Lyons Ave, Newhall","Lyons Avenue, Newhall, Santa Clarita, California, 91321, United States",34.3796543,-118.5439107,0.0
28,S0029,2015,0.4412639502065245,0.09942494972926254,0.07296093179734937,0.1315448983357089,0.09919251424247078,0.006219581478067799,0.042865390355421584,0.017821688286522225,0.08870609556867225,33606658.38,0,CA,93534,Existing,"2058 W Avenue J, Lancaster","West Avenue J, Lancaster, Los Angeles County, California, 93536, United States",34.6894799,-118.173468,0.0
29,S0030,2015,0.4405205049248671,0.10938638966938431,0.07079624508252587,0.11138381818525525,0.1163043079242233,0.00830499168187675,0.04807209442805362,0.030570038331060284,0.06466160977275352,25497338.0,2,CA,92545,Existing,"3125 W Florida Ave, Hemet","West Florida Avenue, Hemet, Riverside County, California, 92543, United States",33.746203,-117.0125896,0.0
30,S0031,2015,0.45593095269204076,0.10300462272572422,0.07770754555753648,0.11289678903610104,0.08800097001113702,0.00628855550312096,0.038720002184503916,0.0203314907339554,0.0971190715558803,29269437.139999997,0,CA,92532,Existing,"31564 Grape St, Lake Elsinore","31564, Grape Street, Lake Elsinore, Riverside County, California, 92532, United States",33.66065365,-117.29350672357143,0.0
31,S0032,2015,0.44856265671377166,0.0942288805740419,0.07322688569639593,0.1157467232701644,0.09649208846901959,0.0065092854363958145,0.04000961613247332,0.02347436699522055,0.10174949671251672,24165557.270000003,0,CA,91351,Existing,"16550 Soledad Canyon Rd, Santa Clarita","16550, Soledad Canyon Road, Humphreys, Santa Clarita, Los Angeles County, California, 91350, United States",34.419764047848936,-118.43743090089113,0.0
32,S0033,2015,0.43885898472482404,0.10183725057284689,0.07985126676409697,0.11881945163265978,0.11319372632766941,0.009002928362308593,0.04080852687017655,0.028011000838420543,0.06961686390699726,32960487.75,2,CA,90720,Existing,"11322 Los Alamitos Blvd, Los Alamitos","Vons, 11322, Los Alamitos Boulevard, Los Alamitos, Orange County, California, 90720, United States",33.797888799999996,-118.07074299641324,0.0
33,S0034,2015,0.43693782315778945,0.10366943968022688,0.08252836613552632,0.109581219977518,0.11468947741148236,0.011673127372112459,0.04421267789966235,0.029053702721616847,0.06765416564406518,31050056.120000005,1,CA,93023,Existing,"1125 Maricopa Hwy, Ojai","Vons 2430, 1125, Maricopa Highway, Matilija, Ojai, Ventura County, California, 93023, United States",34.441281200000006,-119.2624249148299,0.0
34,S0035,2015,0.4642325028966695,0.10108327979368409,0.07886021935667221,0.12216066385657365,0.08796640590634391,0.007241082956149339,0.040421161451223625,0.029266201861918556,0.06876848192076523,18365221.169999998,2,CA,91786,Existing,"81 W Foothill Blvd, Upland",,,,
35,S0036,2015,0.4944583807607634,0.09468007800896684,0.08034179942217144,0.10070383303330004,0.09808692123302166,0.005817311515219176,0.030578391545801487,0.01588227301826349,0.07945101146249245,17827104.45,0,CA,92399,Existing,"33644 Yucaipa Blvd, Yucaipa","Vons 1796, 33644, Yucaipa Boulevard, Yucaipa, San Bernardino County, California, 92399, United States",34.03545795,-117.07009243469423,0.0
36,S0037,2015,0.431724572510807,0.09782224998733713,0.07704218935006295,0.10812977482196341,0.11385150310607596,0.00819292469640003,0.03982886530318701,0.020308766384195428,0.10309915383997105,31286950.57,0,CA,92130,Existing,"4627 Carmel Mountain Rd, San Diego","Vons 1797, 4627, Carmel Mountain Road, San Diego, San Diego County, California, 92130, United States",32.9202827,-117.21503617778123,0.0
37,S0038,2015,0.4421593384908078,0.10795765952275661,0.08308232115653123,0.11893372419157935,0.10523583958194657,0.0075169289443992255,0.037938274586535634,0.028777371110851754,0.06839854241459181,20632448.59,2,CA,93063,Existing,"5805 E Los Angeles Ave, Simi Valley","Vons, 5805, East Los Angeles Avenue, Corriganville, Simi Valley, Ventura County, California, 93063, United States",34.2731134,-118.6776719,0.0
38,S0039,2015,0.45266271314156775,0.1090189741014548,0.07402242778969148,0.13761896342393262,0.07394848480407863,0.006903286839067372,0.03552706167332096,0.047304474986261634,0.06299361324062484,21361323.009999998,2,CA,90731,Existing,"1221 S Gaffey St, San Pedro","Vons 2283, 1221, South Gaffey Street, San Pedro, Los Angeles, California, 90731-4720, United States",33.73293805,-118.29358869086752,0.0
39,S0040,2015,0.4341256405601843,0.09932772388513776,0.07531756620521483,0.12881853164443932,0.12269852361928334,0.008090044656465286,0.039543416944443174,0.018911309466192086,0.07316724301863992,37025722.69,0,CA,90807,Existing,"4550 Atlantic Ave, Long Beach","Vons 3519, 4550, Atlantic Avenue, Bixby Knolls, Long Beach, California, 90807, United States",33.84099195,-118.1827914335705,0.0
40,S0041,2015,0.4620203447577749,0.1058563177858393,0.08261597806071522,0.10273503064675522,0.0950757307712221,0.006838949426815354,0.04991097240058872,0.02791897489839477,0.06702770125189415,25267518.330000006,2,CA,90670,Existing,"12801 Excelsior Dr, Santa Fe Springs","12801, Excelsior Drive, Santa Fe Springs, California, 90670, United States",33.89664715,-118.06119866619554,0.0
41,S0042,2015,0.4678155796971938,0.09927238968874466,0.07971259819049105,0.11692294338326206,0.09521640115316415,0.005917222289475854,0.046700503017717776,0.028719857279992954,0.059722505299957755,40361802.94,2,CA,92021,Existing,"13439 Camino Canada, El Cajon",,,,
42,S0043,2015,0.4478228788417211,0.10278860245973924,0.081695260212588,0.10644157384814713,0.11549855851761864,0.008526126433261474,0.03762623677892521,0.025411437418908566,0.0741893254890907,27158493.58,1,CA,91360,Existing,"2048 E Avenida De Los Arboles, Thousand Oaks","2048, East Avenida de Los Arboles, Thousand Oaks, Ventura County, California, 91362, United States",34.21117608062421,-118.84197800791517,0.0
43,S0044,2015,0.44388710371486384,0.10026250338435355,0.07642694200612149,0.1261288865685815,0.10511899892722011,0.005660291175859354,0.04098731508697459,0.037054680416847154,0.06447327871917832,35532265.7,2,CA,91042,Existing,"7789 Foothill Blvd, Tujunga","Vons, 7789, Foothill Boulevard, Sunland, Los Angeles, California, 91042, United States",34.25919365,-118.3011841080052,0.0
44,S0045,2015,0.4449034155537377,0.10293149672255716,0.08383064378698565,0.09180460026128877,0.10509883793990404,0.009316339414376108,0.03871734229081281,0.02252677030458049,0.1008705537257572,42304090.96,0,CA,91737,Existing,"6351 Haven Ave, Rancho Cucamonga","Vons, 6351, Haven Avenue, Rancho Cucamonga, San Bernardino County, California, 91737, United States",34.13871205,-117.57407730825454,0.0
45,S0046,2015,0.42267961208160154,0.10336619462229125,0.07848757965287981,0.1081125246465446,0.11823800952181096,0.010494163619665762,0.038001909349526485,0.02859451976997213,0.09202548673570736,42308785.730000004,1,CA,90815,Existing,"1820 Ximeno Ave, Long Beach","Vons, 1820, Ximeno Avenue, Los Altos, Long Beach, California, 90815, United States",33.79033305,-118.1373464221328,0.0
46,S0047,2015,0.446383981150277,0.09666091585405942,0.08082165289768486,0.10660653590625607,0.10186055363728384,0.008446417272321342,0.038313294963720504,0.020765031341702163,0.1001416169766949,45096641.3,0,CA,91709,Existing,"4200 Chino Hills Pkwy Ste 400, Chino Hills","Site 400, 4200, Chino Hills Parkway, Chino Hills, San Bernardino County, California, 91709, United States",33.98391325,-117.71236813615769,0.0
47,S0048,2015,0.441344862034642,0.09864763475490217,0.08173777684634861,0.10241190492710427,0.0989170133531055,0.00952763570503459,0.0384805228304727,0.02658481220859966,0.10234783733979055,34784203.58,0,CA,92057,Existing,"845 College Blvd, Oceanside","Vons, 845, College Boulevard, Oceanside, San Diego County, California, 92057, United States",33.240759049999994,-117.29475358499883,0.0
48,S0049,2015,0.4454502794084011,0.10774078455578476,0.09004714958363139,0.09431829333670771,0.11159860669927046,0.010271724440611552,0.04179801826823324,0.031046106741683094,0.06772903696567663,22498605.89,1,CA,92780,Existing,"550 E 1st St, Tustin","550, East 1st Street, Browning, Tustin, Orange County, California, 92780, United States",33.7435696,-117.81757197591585,0.0
49,S0050,2015,0.4302517816851218,0.10480018751287641,0.08316921872215356,0.09754825793434169,0.14526271985128078,0.014890876112720003,0.03721670352109802,0.020971860472952897,0.06588839418745476,43939211.84,1,CA,90274,Existing,"7 Peninsula Ctr, Rolling Hills Estates","Promenade on the Peninsula, Rolling Hills Estates, California, United States",33.7721456,-118.37385834340515,0.0
50,S0051,2015,0.45915595115415014,0.10519336277241911,0.08461924049689104,0.08892276692803708,0.12105970040521405,0.008387610005741881,0.038657247298189805,0.03172631303115391,0.062277807908202955,32361272.14,1,CA,92692,Existing,"26022 Marguerite Pkwy, Mission Viejo","Pavillions, 26022, Marguerite Parkway, Mission Viejo, Orange County, California, 92692, United States",33.585968,-117.6575005,0.0
51,S0052,2015,0.4236487301450928,0.09450746750555584,0.07279374866434021,0.10931702773844906,0.14125293852334173,0.015626181784305998,0.04229768746688569,0.024538477032000836,0.07601774114002778,46987873.31,1,CA,91011,Existing,"635 Foothill Blvd, La Canada","635, Foothill Boulevard, La Cañada Flintridge, California, 91011, United States",34.20164235,-118.19238774657696,0.0
52,S0053,2015,0.4719315195907183,0.10131975749192582,0.07488307912602636,0.12025856968112901,0.08885532081853183,0.006512934876309612,0.046852722605908614,0.027854798297915474,0.06153129751153499,30897555.990000002,2,CA,92243,Existing,"750 N Imperial Ave, El Centro","Vons 2406, 750, North Imperial Avenue, El Centro, Imperial County, California, 92243, United States",32.79889045,-115.57174821175022,0.0
53,S0054,2015,0.44489058000063963,0.1042482282743463,0.0823056195246152,0.10881777562206672,0.11462961727700245,0.00809137419036225,0.0437241756951776,0.029965938027364483,0.06332669138842525,38270311.410000004,2,CA,93063,Existing,"2938 Tapo Canyon Rd, Simi Valley","Vons, 2938, Tapo Canyon Road, Paseo del Sol, Simi Valley, Ventura County, California, 93063, United States",34.287455,-118.7156188,0.0
54,S0055,2015,0.48940475468913974,0.09578885074449763,0.08135490677614017,0.09863525133506224,0.11281949012934393,0.005786862675781528,0.037577432379255205,0.01639066637376369,0.06224178489701578,39002676.0,0,CA,92026,Existing,"330 W El Norte Pkwy, Escondido","Vons, 330, West El Norte Parkway, Escondido, San Diego County, California, 92026, United States",33.1433573,-117.09400235313076,0.0
55,S0056,2015,0.4763895458400047,0.11687237978786451,0.0863992523335724,0.0874318167126419,0.11792229812461785,0.008107468924199024,0.02715870125166615,0.022477398615693686,0.05724113840973973,21812315.490000002,1,CA,92675,Existing,"32401 Camino Capistrano, San Juan Capistrano","Vons 2091, 32401, Camino Capistrano, San Juan Capistrano, Orange County, California, 92675, United States",33.492757850000004,-117.66360729184146,0.0
56,S0057,2015,0.4381235846584008,0.09721762862677767,0.0753291363880105,0.14744642660222515,0.10727041798622161,0.005866512662763835,0.0495360540449049,0.0177073661779553,0.06150287285274032,33446355.83,2,CA,90301,Existing,"500 E Manchester Blvd, Inglewood","Vons, 500, East Manchester Boulevard, Inglewood, California, 90301, United States",33.960253550000004,-118.34916846810785,0.0
57,S0058,2015,0.4646784435660601,0.10037479699045429,0.07986085139999592,0.10263571695829551,0.10038680365211142,0.008323416316027156,0.04775176963137298,0.029822831725081086,0.06616536976060136,28866475.120000005,2,CA,93065,Existing,"1855 Cochran St, Simi Valley","1855, Cochran Street, Simi Valley, Ventura County, California, 93065, United States",34.279079,-118.76217334693878,0.0
58,S0059,2015,0.42994658918824774,0.09684119949706835,0.07249781489708465,0.11743405084014741,0.12042460973751377,0.007386192790218583,0.04346697775608403,0.028615813756698086,0.08338675153693745,28986872.68,0,CA,92021,Existing,"950 N 2nd St, El Cajon","Vons, 950, North 2nd Street, Bostonia, El Cajon, San Diego County, California, 92021, United States",32.8083574,-116.93683944726402,0.0
59,S0060,2015,0.4496999384321311,0.10190517106498863,0.08234743398168708,0.11462522340849503,0.10078922140897392,0.010507369163468743,0.04162341458053858,0.025869199518446177,0.07263302844127072,34886833.64,2,CA,92025,Existing,"351 W Felicita Ave, Escondido","Vons, 351, West Felicita Avenue, Escondido, San Diego County, California, 92025, United States",33.10300545,-117.07314322077266,0.0
60,S0061,2015,0.4605299278082813,0.10617556312128443,0.07365305827249016,0.11716700872030797,0.10301845046189974,0.005827276289964202,0.04936218261898851,0.029587267001926997,0.054679265704856414,42022570.72000001,2,CA,92284,Existing,"57590 29 Palms Hys, Yucca Valley",,,,
61,S0062,2015,0.46990688110781853,0.09887765841244808,0.07977194533615142,0.09372532384431315,0.11060673748143347,0.005799670438982716,0.04076747415701156,0.021480526235183286,0.07906378298665778,26064799.99,0,CA,92883,Existing,"11800 De Palma Rd, Corona",,,,
62,S0063,2015,0.4187923800996686,0.11388724505772926,0.08499797381680946,0.10567338331302564,0.13542419397640323,0.009299070244816741,0.0299335161934392,0.02913148221880295,0.07286075507930491,20844141.93,1,CA,90028,Existing,"4520 W Sunset Blvd, Los Angeles","4520, West Sunset Boulevard, East Hollywood, Los Angeles, California, 90027, United States",34.0980795,-118.2879355,0.0
63,S0064,2015,0.43647462380347796,0.10732474152507199,0.07133483653949586,0.11465917455438775,0.12279597935433235,0.00957445158460925,0.03966208731758462,0.043817105578674555,0.05435699974236557,22854243.720000003,1,CA,91324,Existing,"9119 Reseda Blvd, Northridge","Vons, 9119, Reseda Boulevard, Northridge, Los Angeles, California, 91324, United States",34.2360551,-118.5377552884141,0.0
64,S0065,2015,0.4196218528617387,0.10699837966436657,0.07330147414207962,0.11258867493677498,0.12242797021275101,0.011574041906528613,0.03863861145284081,0.030976331335405984,0.08387266348751378,34670181.19,1,CA,91750,Existing,"2340 Foothill Blvd, La Verne","2340, Foothill Boulevard, La Verne, California, 91750, United States",34.111783959183676,-117.76091491836735,0.0
65,S0066,2015,0.4512102383612183,0.099513236219025,0.08297234464827176,0.10570763843969315,0.08558882805942479,0.008630660749725351,0.039948232361596385,0.025230396729849173,0.10119842443119588,35306667.57000001,0,CA,92374,Existing,"522 Orange St, Redlands","522, Orange Street, Redlands, San Bernardino County, California, 92374, United States",34.0600162,-117.1812087,0.0
66,S0067,2015,0.46026549691201185,0.09931789403008766,0.08095617888199445,0.12256425085258434,0.10198807944353326,0.005988969903513727,0.0434799171855492,0.02451535986405658,0.060923852926668916,28697527.75,2,CA,93065,Existing,"660 E Los Angeles Ave, Simi Valley","Vons 2163, 660, East Los Angeles Avenue, Greek Track, Simi Valley, Ventura County, California, 93065, United States",34.27043375,-118.78466884281082,0.0
67,S0068,2015,0.4408586329652381,0.10007639814948761,0.07580713498694079,0.1029622287867084,0.12299477330608576,0.009385512978790993,0.045918342162865756,0.03608280302996865,0.0659141736339139,38824343.52,1,CA,91504,Existing,"1011 N San Fernando Blvd, Burbank","San Fernando Boulevard, Burbank, Los Angeles County, California, 91504, United States",34.1916735,-118.326279,0.0
68,S0069,2015,0.41331893708272477,0.10607958166859455,0.07760971502975737,0.1123135591362284,0.13325201950957677,0.007913021399930695,0.041580939917091136,0.037147968015137714,0.07078425824095844,24609296.520000003,1,CA,90732,Existing,"1440 W 25th St, San Pedro",,,,
69,S0070,2015,0.43968527776992,0.09752840824076031,0.07686692812795909,0.10074150790678582,0.11348622321544084,0.007825207630134497,0.037787466137100566,0.023328249756173074,0.10275073121572588,35369811.65,0,CA,90807,Existing,"4550 Atlantic Ave, Long Beach","Vons 3519, 4550, Atlantic Avenue, Bixby Knolls, Long Beach, California, 90807, United States",33.84099195,-118.1827914335705,0.0
70,S0071,2015,0.4444238609273877,0.09819197666542626,0.06870982801162195,0.13443880216705814,0.1013141439101067,0.005953271878273853,0.04298202652986231,0.021500648217285846,0.08248544169297718,30947739.96,0,CA,92311,Existing,"1270 E Main St, Barstow","1270, East Main Street, Barstow, San Bernardino County, California, 92311, United States",34.895807149999996,-117.00862858527861,0.0
71,S0072,2015,0.4397095688605245,0.09278848157486118,0.06337342891009716,0.12556380487881522,0.10896988698735591,0.007558701348934525,0.04405620427145963,0.018201362769458784,0.09977856039849285,38059818.31000001,0,CA,93436,Existing,"729 N H St, Lompoc","Vons, 729, North H Street, Lompoc, Santa Barbara County, California, 93436, United States",34.649747250000004,-120.45920415855835,0.0
72,S0073,2015,0.43602296131266616,0.09777638775931377,0.07785705464255518,0.10542273133157676,0.12446110288583213,0.008669015568251762,0.042505250941896826,0.03604541372051313,0.0712400818373942,35879715.24,1,CA,93117,Existing,"175 N Fairview Ave, Goleta","175, North Fairview Avenue, Goleta, Santa Barbara County, California, 93117, United States",34.44264826530612,-119.83045929591837,0.0
73,S0074,2015,0.456377655788528,0.1030036190657984,0.0789670987428504,0.13193261000674286,0.09306374040700646,0.00508630464854778,0.03736927444774211,0.03315770072421816,0.06104199616856563,20508215.140000004,2,CA,91790,Existing,"777 S Glendora Ave, West Covina","Vons, 777, South Glendora Avenue, West Covina, Los Angeles County, California, 91790, United States",34.0625586,-117.93242175259294,0.0
74,S0075,2015,0.4311268543410157,0.0977621125099834,0.07550269281311303,0.1592183350660383,0.11449991092995078,0.00455906293450597,0.051567834732264395,0.01603118296157842,0.04973201371154998,31159295.68,2,CA,91911,Existing,"870 3rd Ave, Chula Vista","Carnival, 870, 3rd Avenue, Castle Park, Chula Vista, San Diego County, California, 91911, United States",32.621765350000004,-117.07313705195297,0.0
75,S0076,2015,0.43872342654325447,0.09909317215218061,0.08194586150463834,0.10977626834825216,0.1152327448391868,0.011701143270117264,0.041655401762666716,0.02610709707314055,0.07576488450656303,22609121.51,1,CA,90041,Existing,"7311 N Figueroa St, Los Angeles","Vons 2655, 7311, North Figueroa Street, Eagle Rock, Los Angeles, California, 90041, United States",34.13622115,-118.1895121849739,0.0
76,S0077,2015,0.4389461137493851,0.10303992591671167,0.08182537109073666,0.10618446709826403,0.11793568346761976,0.010849721188600578,0.0380894412787234,0.03924402506382716,0.06388525114613182,26951114.679999996,1,CA,93111,Existing,"163 S Turnpike Rd, Goleta","Vons 2048, 163, South Turnpike Road, Goleta, Santa Barbara County, California, 93111, United States",34.437675049999996,-119.79055441697045,0.0
77,S0078,2015,0.4314815493786944,0.11966055648418848,0.0880517592549444,0.11185709603685738,0.1273286935796737,0.007192565187811348,0.0362736263036397,0.025209404438440452,0.05294474933575031,18405544.689999998,1,CA,93105,Existing,"3855 State St, Santa Barabra",,,,
78,S0079,2015,0.46406422884822146,0.09600200273424858,0.07686038110995241,0.1208885341551507,0.09897003084882283,0.007747706399538003,0.04039670113644621,0.02274318178216337,0.07232723298545649,23735310.88,0,CA,93551,Existing,"3027 Rancho Vista Blvd, Palmdale","Vons 3017, 3027, Rancho Vista Boulevard, Rancho Vista, Palmdale, California, 93551, United States",34.6035204,-118.18428710222635,0.0
79,S0080,2015,0.4767081152049508,0.10620776474020197,0.08221474717830773,0.10129456979282679,0.08261649714167474,0.007712471926138545,0.03625868981581657,0.02424484293866913,0.08274230126141355,12618744.150000002,0,CA,92591,Existing,"29530 Rancho California Rd, Temecula","Vons, 29530, Rancho California Road, Temecula Gardens, Old Town, Temecula, Riverside County, California, 92591, United States",33.50519025,-117.14790069845807,0.0
80,S0081,2015,0.4232799098756262,0.10208863619795466,0.0865922135077673,0.12349260634546147,0.11666552938982032,0.00847526987887006,0.038955945832324,0.04294436930469701,0.057505519667478966,14701931.83,1,CA,90503,Existing,"24325 Crenshaw Blvd, Torrance","Crenshaw Boulevard, Torrance, California, 90717, United States",33.7925395,-118.3323748,0.0
81,S0082,2015,0.46099497931713934,0.10075955643953363,0.07528987999637715,0.11360998133777644,0.10149001725771199,0.005269350836121215,0.048266742485953744,0.03521238640440206,0.0591071059249843,34926733.050000004,2,CA,92315,Existing,"42170 Big Bear Blvd, Big Bear Lake","Vons 2374, 42170, Big Bear Boulevard, Big Bear Lake, San Bernardino County, California, 92315, United States",34.25242675,-116.88518606652153,0.0
82,S0083,2015,0.44787259101831506,0.10886451573279214,0.08379324332864667,0.10946889989975511,0.11744324142642841,0.007097024100506714,0.03188463167704032,0.02520627977619831,0.06836957304031731,19002814.15,1,CA,91016,Existing,"130 W Foothill Blvd, Monrovia","Vons, 130, West Foothill Boulevard, Monrovia, El Monte, California, 91016, United States",34.1500872,-118.00202148244276,0.0
83,S0084,2015,0.46030596637241517,0.10634345547501896,0.09440844077740887,0.10593586198861187,0.10082423906928152,0.006377331544663149,0.04014954421910663,0.022118602809202567,0.06353655774429147,21553681.039999995,2,CA,90713,Existing,"5500 Woodruff Ave, Lakewood","Pavilions, 5500, Woodruff Avenue, Lakewood, California, 90713, United States",33.856891000000005,-118.11543365095031,0.0
84,S0085,2015,0.42423991684414025,0.11256324266889052,0.07525700984398632,0.11523169628661957,0.1252510244232171,0.01063530004535431,0.03129979102705279,0.036952208562916054,0.06856981029782304,21552703.64,1,CA,91206,Existing,"561 N Glendale Ave, Glendale","561, North Glendale Avenue, Glendale, California, 91206, United States",34.15447699907387,-118.24315841656528,0.0
